{"sharpe":0.0326708205,"sortino":0.0384138652,"calmar":0.0091512333,"max_dd":-0.0105098737,"dd_duration":1785,"hit_rate":0.5016709989,"profit_factor":1.0075500085,"ann_return":0.0000961783,"ann_vol":0.0029438595,"turnover":1.4690933474,"gross_sharpe":0.1325262439,"cost_drag":0.0031401989,"event_sharpe":0.0326804655,"vectorbt":null,"agree":true,"vectorbt_sharpe":0.0360002299}