block,mean_gamma_divergence,mean_beta_divergence
0,0.1452163060506185,0.16399900118509927
1,0.14701358477274576,0.09555927912394206
2,0.09777474403381348,0.11618320147196452
