model,sharpe,ci_low,ci_high,dsr,sortino,calmar,max_dd,ann_return,n_obs
buy_hold,0.6840441319859148,-0.5022379478453602,1.8360133959820872,1.9964654762383703e-166,0.9319093230340493,0.5667222147827699,-0.008354627330435016,0.004734752904388792,752
zero,0.0,0.0,0.0,0.0,0.0,0.0,0.0,0.0,752
arima_garch,0.46701731967772175,-0.5753688079992628,1.866441643837876,7.5254393439258e-55,0.426683090487011,0.29196971937659333,-0.003864220762506698,0.0011282354516382862,752
lightgbm,-0.1741666952883547,-1.4238194997076563,0.8683112442221559,0.0,-0.24790502319685281,-0.0819315083784177,-0.011498133455763448,-0.0009420594175670479,752
dlinear,0.03487654527114737,-1.2325004737825875,1.0893666037021557,0.0,0.052539724961543875,0.014811225487592682,-0.014653442397381977,0.00021703543951707516,751
patchtst_no_regime,0.7237728068210804,-0.3641514159846295,1.8721098778462084,1.7744617224508474e-149,0.9850479375562635,0.5988641279452802,-0.008354627330435016,0.00500328661054877,751
patchtst_film,-0.14462033417785183,-1.3212285472466174,0.9801875881981978,0.0,-0.21625620873975368,-0.0615191486270905,-0.001139581657186639,-7.010609334117094e-05,751
